會議名稱,分類標籤,會議日期,會議狀態,逐字稿
資訊分享型會議,部門週會,2026/08/07,歸檔,"主持人：好，我們開始今天的產線週報分享。上次列管的那台AOI設備韌體更新，處理得怎麼樣了？
品保PM：已經處理完成了，上週五就更新完畢，目前運作正常。
主持人：好，那這項可以解除列管了。接下來先請品保這邊跟我們同步一下這週的檢測狀況。
品保PM：好，這週AOI整體判定的誤判率大概維持在2%左右，比上週稍微好一點。FCT測試的部分，通過率是98.5%，跟目標值差不多。
主持人：了解，那OEE這邊呢？
產線主管：這週OEE大概是82%，比上週低了三個百分點，主要是因為週三那台設備有臨時停機保養。
主持人：好，這個我們列管追蹤一下，麻煩產線主管下週回報一下那台設備後續穩定的狀況。
產線主管：沒問題。
主持人：那Steve這邊有沒有要跟大家同步的？
SC：有，我這邊主要是跟大家說一下，這個月開始我們會固定每兩週跟2330那邊的窗口做一次技術對接會議，如果大家有規格上的問題可以先彙整給我。
主持人：好，那今天先同步到這邊，謝謝大家。"
討論型會議,客戶會議,2026/08/10,追蹤,"主持人：今天想跟大家腦力激盪一下，最近客戶反映我們的Email回覆語氣常常太生硬，有沒有人有想法可以怎麼改善？
業務甲：我覺得問題可能出在我們都是先套用制式範本，語氣沒有依對象調整。像是2330那種比較重流程的客戶，跟一般中小型客戶，講話方式應該不一樣。
業務乙：對，我也覺得可以先分類一下，客戶大概屬於哪一種溝通偏好，再決定用什麼語氣回覆。
SC：這個想法不錯，不過也要考慮到我們人力有限，不可能每封信都重新想語氣，是不是可以先建立幾種常見情境的範本，讓大家套用就好？
業務甲：那範本要怎麼決定？
SC：我建議先從最常出現的幾種情境開始，比如婉拒、談判、催款這幾種，之後再慢慢擴充。
主持人：好，這個部分我們先列管追蹤，下次會議再看看有沒有具體的範本可以先試跑看看，大家覺得呢？
業務乙：可以，我覺得方向是對的。
主持人：好，那今天先討論到這邊，謝謝大家踴躍發言。"
決策型會議,跨部門協調,2026/08/11,待開會,"主持人：今天主要要決議2330那邊提出的保固展延需求，先請業務窗口說明一下現況。
業務主管：對，2330那邊上禮拜正式提出，希望我們針對這次採購的設備，免費延長半年保固，理由是他們今年會加開一條新產線，希望我們這邊多一點保障期。
財務代表：這樣的話成本上大概會增加多少？
業務主管：以目前的服務合約估算，大概是原本保固成本的15%左右，不算太高。
SC：那如果我們答應，會不會變成之後其他客戶也比照辦理？
業務主管：這個風險是有的，所以我建議可以用「簽年約送半年保固」的方式，而不是直接無條件答應，這樣比較不會變成先例。
主持人：好，那我們現在針對「以簽年約交換半年保固」這個方案進行表決，同意的請舉手。
（表決結果：同意4票，反對1票，棄權0票）
主持人：好，通過。那這件事情列管追蹤，麻煩業務主管這週內跟2330那邊確認對方是否願意簽年約，下週會議前要有回覆。
業務主管：了解，我這週會處理。
主持人：好，那這個議題先到這邊，謝謝大家。"